Date,Open,High,Low,Close,Volume
1-May-12,19.13,19.30,19.03,19.27,14473
30-Apr-12,19.13,19.13,19.00,19.00,6865
27-Apr-12,18.69,18.89,18.69,18.75,5191
26-Apr-12,19.18,19.35,19.18,19.35,12006
25-Apr-12,18.91,18.95,18.91,18.91,1076
24-Apr-12,18.84,18.95,18.84,18.95,1605
23-Apr-12,18.79,18.79,18.50,18.69,12747
20-Apr-12,18.97,19.15,18.97,19.08,4055
19-Apr-12,19.28,19.31,19.08,19.08,6300
18-Apr-12,19.59,19.59,19.27,19.35,7761
17-Apr-12,19.50,19.74,19.50,19.70,16778
16-Apr-12,19.30,19.49,19.21,19.32,14096
13-Apr-12,19.01,19.01,18.87,18.87,7304
12-Apr-12,18.94,19.21,18.79,19.15,47450
11-Apr-12,18.95,19.06,18.83,18.97,15356
10-Apr-12,18.95,18.95,18.40,18.65,20145
9-Apr-12,18.92,19.25,18.92,19.15,26291
5-Apr-12,19.32,19.45,19.32,19.33,59811
4-Apr-12,18.48,18.50,18.22,18.28,7336
3-Apr-12,18.52,18.65,18.38,18.45,18249
2-Apr-12,18.30,18.33,18.15,18.33,18171
30-Mar-12,18.16,18.16,17.80,17.98,19762
29-Mar-12,18.65,18.80,18.50,18.53,12982
28-Mar-12,18.82,18.82,18.58,18.58,19489
27-Mar-12,18.06,18.10,17.98,17.99,25769
26-Mar-12,17.78,17.97,17.78,17.91,18393
23-Mar-12,17.18,17.18,17.07,17.15,2627
22-Mar-12,17.10,17.28,17.10,17.22,7514
21-Mar-12,17.07,17.11,16.98,17.05,8945
20-Mar-12,17.05,17.30,17.05,17.11,5504
19-Mar-12,17.36,17.36,17.17,17.28,17941
16-Mar-12,17.67,17.67,17.48,17.58,9617
15-Mar-12,17.70,17.70,17.62,17.65,10399
14-Mar-12,17.64,17.64,17.47,17.55,19631
13-Mar-12,17.30,17.51,17.30,17.51,27508
12-Mar-12,17.10,17.20,17.10,17.19,6996
9-Mar-12,17.39,17.39,17.34,17.39,17088
8-Mar-12,17.77,17.77,17.52,17.61,9693
7-Mar-12,17.02,17.23,17.02,17.10,12116
6-Mar-12,17.10,17.20,17.05,17.09,16399
5-Mar-12,17.28,17.28,17.05,17.20,13844
2-Mar-12,17.22,17.40,17.22,17.40,6741
1-Mar-12,17.50,17.60,17.33,17.57,7742
29-Feb-12,17.55,17.80,17.55,17.57,16803
28-Feb-12,17.67,17.67,17.54,17.54,5037
27-Feb-12,17.37,17.67,17.37,17.57,53858
24-Feb-12,17.67,17.87,17.67,17.74,23156
23-Feb-12,17.92,17.92,17.74,17.83,35265
22-Feb-12,18.45,18.45,18.27,18.28,12686
21-Feb-12,18.48,18.57,18.42,18.45,45262
17-Feb-12,18.06,18.11,17.93,18.11,44013
16-Feb-12,17.70,17.95,17.70,17.95,32895
15-Feb-12,17.65,17.65,17.43,17.48,23162
14-Feb-12,17.13,17.13,17.00,17.07,50025
13-Feb-12,17.60,17.67,17.50,17.65,111567
10-Feb-12,17.00,17.39,17.00,17.24,150414
9-Feb-12,16.64,16.94,16.64,16.94,80430
8-Feb-12,16.02,16.22,16.02,16.12,21891
7-Feb-12,15.94,16.00,15.71,16.00,33192
6-Feb-12,16.12,16.12,16.00,16.09,93809
3-Feb-12,15.96,16.10,15.96,16.10,18493
2-Feb-12,16.07,16.07,15.96,15.96,7025
1-Feb-12,15.98,16.06,15.92,16.01,15135
31-Jan-12,15.91,16.10,15.87,15.91,12308
30-Jan-12,15.06,15.30,15.06,15.21,3678
27-Jan-12,15.27,15.27,15.16,15.22,27285
26-Jan-12,15.42,15.62,15.42,15.61,360874
25-Jan-12,15.10,15.35,15.10,15.35,3851
24-Jan-12,15.22,15.22,15.10,15.20,14030
23-Jan-12,15.20,15.30,15.10,15.25,14489
20-Jan-12,15.18,15.20,15.10,15.14,14532
19-Jan-12,16.21,16.34,16.17,16.23,49131
18-Jan-12,15.21,15.22,15.15,15.22,4095
17-Jan-12,15.25,15.37,15.06,15.15,5832
13-Jan-12,15.28,15.28,15.28,15.28,0
12-Jan-12,14.94,15.04,14.90,14.90,4381
11-Jan-12,14.94,14.94,14.86,14.90,2652
10-Jan-12,15.33,15.36,15.09,15.14,6334
9-Jan-12,15.33,15.50,15.22,15.25,62116
6-Jan-12,14.27,14.40,14.22,14.36,15149
5-Jan-12,13.70,13.86,13.70,13.86,1000
4-Jan-12,13.42,13.59,13.42,13.47,14553
3-Jan-12,13.42,13.61,13.34,13.45,23516
30-Dec-11,13.24,13.30,13.15,13.15,8072
29-Dec-11,13.39,13.39,13.28,13.34,3750
28-Dec-11,13.81,13.81,13.50,13.50,3477
27-Dec-11,13.97,13.97,13.90,13.90,4716
23-Dec-11,13.89,13.89,13.89,13.89,0
22-Dec-11,13.54,13.71,13.54,13.71,2121
21-Dec-11,13.57,13.63,13.35,13.58,24812
20-Dec-11,13.86,14.18,13.80,14.09,25078
19-Dec-11,14.14,14.14,13.98,13.98,32730
16-Dec-11,14.16,14.27,14.09,14.09,7102
15-Dec-11,14.05,14.15,14.00,14.01,14379
14-Dec-11,14.16,14.16,13.94,13.94,2893
13-Dec-11,14.12,14.12,13.85,13.85,6765
12-Dec-11,13.84,13.93,13.75,13.85,10421
9-Dec-11,13.87,13.99,13.71,13.98,8654
8-Dec-11,14.10,14.26,13.96,13.96,4934
7-Dec-11,14.18,14.18,13.90,13.99,4443
6-Dec-11,14.20,14.20,14.06,14.14,2851
5-Dec-11,14.31,14.39,14.22,14.34,8015
2-Dec-11,14.11,14.15,14.03,14.03,22238
1-Dec-11,14.33,14.47,14.22,14.24,56717
30-Nov-11,14.04,14.34,14.04,14.34,10266
29-Nov-11,13.81,14.00,13.79,13.82,12964
28-Nov-11,13.30,13.59,13.30,13.49,51197
25-Nov-11,12.99,13.03,12.79,12.90,19674
23-Nov-11,13.14,13.14,13.14,13.14,0
22-Nov-11,13.50,13.50,13.39,13.39,32580
21-Nov-11,13.42,13.43,13.31,13.43,42876
18-Nov-11,13.40,13.40,13.20,13.25,25840
17-Nov-11,13.84,13.84,13.48,13.50,89843
16-Nov-11,13.70,13.95,13.70,13.75,13661
15-Nov-11,13.96,14.09,13.82,14.09,8427
14-Nov-11,14.32,14.32,14.04,14.05,3216
11-Nov-11,14.40,14.40,14.15,14.27,5435
10-Nov-11,14.24,14.46,14.24,14.42,3503
9-Nov-11,14.58,14.64,14.36,14.36,7913
8-Nov-11,14.47,14.47,14.11,14.46,15421
7-Nov-11,14.43,14.59,14.32,14.59,4714
4-Nov-11,14.71,15.05,14.60,14.78,13882
3-Nov-11,14.82,15.15,14.79,15.14,38100
2-Nov-11,14.53,14.53,14.31,14.41,18878
1-Nov-11,13.35,13.55,13.35,13.35,4232
31-Oct-11,13.44,13.66,13.40,13.40,6100
28-Oct-11,14.08,14.08,13.91,13.95,18151
27-Oct-11,14.45,14.45,14.17,14.27,16614
26-Oct-11,14.31,14.40,14.22,14.37,50743
25-Oct-11,13.58,13.65,13.37,13.50,8215
24-Oct-11,13.12,13.40,13.12,13.35,9873
21-Oct-11,12.96,13.14,12.96,13.14,3100
20-Oct-11,12.88,12.93,12.65,12.87,12217
19-Oct-11,13.09,13.29,13.09,13.16,2480
18-Oct-11,12.96,13.08,12.76,13.08,16173
17-Oct-11,13.44,13.44,13.08,13.08,18437
14-Oct-11,13.55,13.60,13.42,13.50,3774
13-Oct-11,13.76,13.76,13.57,13.70,32088
12-Oct-11,13.50,13.65,13.50,13.65,26270
11-Oct-11,13.27,13.45,13.27,13.33,25694
10-Oct-11,13.01,13.15,13.01,13.15,5818
7-Oct-11,13.03,13.03,12.66,12.69,5429
6-Oct-11,12.47,12.47,12.27,12.47,1860
5-Oct-11,12.10,12.45,12.00,12.45,11086
4-Oct-11,12.00,12.18,11.75,12.06,18065
3-Oct-11,12.80,12.80,12.47,12.47,15461
30-Sep-11,13.64,13.64,13.24,13.24,11931
29-Sep-11,13.32,13.38,13.07,13.26,11384
28-Sep-11,13.32,13.64,13.02,13.02,20512
27-Sep-11,12.92,12.92,12.63,12.79,13671
26-Sep-11,11.69,11.69,11.34,11.60,75322
23-Sep-11,12.00,12.14,12.00,12.10,262277
22-Sep-11,12.58,12.59,12.35,12.54,205879
21-Sep-11,13.14,13.23,12.92,12.92,117193
20-Sep-11,13.26,13.26,13.03,13.03,11454
19-Sep-11,12.69,12.98,12.69,12.98,11206
16-Sep-11,13.40,13.40,13.30,13.30,4114
15-Sep-11,13.30,13.40,13.30,13.40,7951
14-Sep-11,13.09,13.09,12.88,13.09,7900
13-Sep-11,12.85,13.00,12.83,13.00,13561
12-Sep-11,12.64,12.89,12.64,12.89,12382
9-Sep-11,12.75,12.75,12.50,12.50,3070
8-Sep-11,12.91,13.09,12.82,12.82,12500
7-Sep-11,12.58,12.84,12.58,12.76,7857
6-Sep-11,12.36,12.36,12.08,12.36,6641
2-Sep-11,13.55,13.55,13.20,13.39,13263
1-Sep-11,13.31,13.41,13.31,13.35,11756
31-Aug-11,13.30,13.45,13.25,13.25,18755
30-Aug-11,12.71,12.87,12.69,12.87,8485
29-Aug-11,12.70,12.95,12.70,12.86,9245
26-Aug-11,12.88,12.92,12.53,12.92,10312
25-Aug-11,12.91,13.05,12.81,12.92,22073
24-Aug-11,12.63,12.97,12.63,12.97,118143
23-Aug-11,12.65,12.65,12.49,12.65,66674
22-Aug-11,12.08,12.24,12.05,12.13,13890
19-Aug-11,11.40,11.87,11.40,11.74,9304
18-Aug-11,11.75,11.75,11.48,11.57,6019
17-Aug-11,12.48,12.67,12.48,12.55,15862
16-Aug-11,12.11,12.44,12.11,12.42,10675
15-Aug-11,12.37,12.57,12.37,12.50,5981
12-Aug-11,12.32,12.32,12.06,12.06,13419
11-Aug-11,12.02,12.19,11.68,12.04,10080
10-Aug-11,11.94,11.94,11.75,11.75,16990
9-Aug-11,11.43,11.80,11.31,11.80,25188
8-Aug-11,11.90,11.90,11.18,11.18,25916
5-Aug-11,12.65,12.65,12.17,12.45,39306
4-Aug-11,12.74,12.98,12.70,12.77,31244
3-Aug-11,12.67,12.74,12.54,12.74,5899
2-Aug-11,12.80,13.05,12.80,12.87,36600
1-Aug-11,13.12,13.25,12.90,12.97,26880
29-Jul-11,12.40,12.68,12.40,12.60,9940
28-Jul-11,12.79,12.90,12.72,12.72,6033
27-Jul-11,13.12,13.20,12.97,12.97,11554
26-Jul-11,13.14,13.15,13.09,13.12,22866
25-Jul-11,13.23,13.23,13.09,13.15,9281
22-Jul-11,12.94,13.20,12.94,13.06,25876
21-Jul-11,12.90,13.10,12.90,13.00,32625
20-Jul-11,12.94,13.15,12.92,12.92,58091
19-Jul-11,12.00,12.10,11.99,12.10,16604
18-Jul-11,12.10,12.27,12.10,12.17,13047
15-Jul-11,12.29,12.40,12.29,12.29,15567
14-Jul-11,12.00,12.25,12.00,12.09,34994
13-Jul-11,12.15,12.29,12.14,12.18,18554
12-Jul-11,11.65,11.87,11.65,11.80,8727
11-Jul-11,12.07,12.07,11.84,11.84,20569
8-Jul-11,11.90,12.20,11.90,12.20,26852
7-Jul-11,12.05,12.30,12.05,12.28,79413
6-Jul-11,12.13,12.13,11.92,11.92,28020
5-Jul-11,11.98,12.10,11.97,11.97,40533
1-Jul-11,11.60,11.60,11.60,11.60,0
30-Jun-11,11.34,11.41,11.32,11.38,125289
29-Jun-11,11.13,11.15,11.05,11.07,19023
28-Jun-11,10.83,10.97,10.83,10.92,4734
27-Jun-11,11.00,11.12,10.97,11.00,10790
24-Jun-11,11.00,11.09,10.98,11.00,14666
23-Jun-11,10.87,10.96,10.87,10.95,8000
22-Jun-11,10.86,11.00,10.86,10.93,7071
21-Jun-11,10.81,10.82,10.71,10.79,7192
20-Jun-11,10.68,10.96,10.68,10.81,14063
17-Jun-11,10.80,10.87,10.70,10.82,14400
16-Jun-11,10.70,10.85,10.70,10.82,8150
15-Jun-11,10.90,10.90,10.70,10.71,29041
14-Jun-11,11.02,11.06,11.02,11.02,14708
13-Jun-11,10.86,10.92,10.86,10.88,21051
10-Jun-11,11.12,11.12,10.90,10.93,12679
9-Jun-11,11.25,11.25,11.09,11.19,3431
8-Jun-11,11.25,11.37,11.24,11.25,29103
7-Jun-11,11.08,11.20,11.07,11.10,27848
6-Jun-11,11.01,11.07,10.96,10.96,15418
3-Jun-11,10.85,11.07,10.85,11.07,12384
2-Jun-11,11.15,11.15,11.02,11.09,21030
1-Jun-11,11.49,11.49,11.20,11.28,17980
31-May-11,11.88,11.88,11.67,11.67,50286
27-May-11,11.67,11.85,11.49,11.85,86781
26-May-11,11.23,11.55,11.13,11.35,39750
25-May-11,10.95,11.10,10.95,11.10,17269
24-May-11,10.88,10.88,10.82,10.82,6429
23-May-11,10.72,10.87,10.72,10.83,21461
20-May-11,10.96,10.96,10.77,10.78,16122
19-May-11,10.75,10.93,10.75,10.83,4200
18-May-11,10.78,10.98,10.78,10.92,28906
17-May-11,10.81,11.00,10.81,10.92,17662
16-May-11,10.96,11.10,10.96,11.01,6470
13-May-11,11.07,11.27,11.05,11.05,10584
12-May-11,11.24,11.30,11.13,11.27,94892
11-May-11,11.35,11.35,11.26,11.30,7228
10-May-11,11.32,11.37,11.25,11.37,19934
9-May-11,11.32,11.32,11.20,11.31,13459
6-May-11,11.32,11.32,11.20,11.20,13036
5-May-11,11.21,11.21,10.99,11.05,54836
4-May-11,11.32,11.32,11.15,11.25,37287
3-May-11,11.56,11.65,11.45,11.53,211292
2-May-11,11.85,11.85,11.70,11.70,36828
29-Apr-11,11.56,11.83,11.56,11.79,34111
28-Apr-11,11.76,11.88,11.70,11.85,57916
27-Apr-11,11.86,11.95,11.78,11.95,61967
26-Apr-11,11.87,11.95,11.75,11.93,97559
25-Apr-11,11.73,12.30,11.70,11.95,278125
21-Apr-11,11.63,11.63,11.63,11.63,0
20-Apr-11,11.36,11.48,11.36,11.40,8822
19-Apr-11,11.20,11.35,11.20,11.35,6773
18-Apr-11,11.45,11.45,11.30,11.35,9647
15-Apr-11,11.40,11.53,11.40,11.47,11680
14-Apr-11,11.40,11.59,11.40,11.45,6612
13-Apr-11,11.40,11.44,11.38,11.43,10108
12-Apr-11,11.60,11.60,11.42,11.42,2591
11-Apr-11,11.55,11.60,11.50,11.50,19106
8-Apr-11,11.60,11.60,11.53,11.55,9971
7-Apr-11,11.53,11.60,11.53,11.59,9299
6-Apr-11,11.45,11.60,11.45,11.55,5009
5-Apr-11,11.55,11.55,11.38,11.46,10165
4-Apr-11,11.34,11.54,11.34,11.50,8821
1-Apr-11,11.40,11.51,11.37,11.39,34219
31-Mar-11,11.28,11.39,11.28,11.30,7165
30-Mar-11,11.00,11.05,11.00,11.00,5930
29-Mar-11,10.83,10.89,10.83,10.89,3604
28-Mar-11,10.92,10.92,10.68,10.68,6638
25-Mar-11,11.32,11.46,11.32,11.32,6246
24-Mar-11,11.40,11.40,11.30,11.30,3030
23-Mar-11,11.59,11.59,11.39,11.48,1723
22-Mar-11,11.32,11.42,11.32,11.32,6304
21-Mar-11,10.89,10.89,10.62,10.68,13329
18-Mar-11,10.21,10.21,10.08,10.08,12866
17-Mar-11,10.15,10.15,10.01,10.07,4331
16-Mar-11,10.64,10.64,10.31,10.44,8380
15-Mar-11,10.51,10.67,10.40,10.64,23267
14-Mar-11,10.89,10.91,10.71,10.81,23316
11-Mar-11,11.37,11.39,11.29,11.39,7809
10-Mar-11,11.76,11.77,11.60,11.60,20426
9-Mar-11,12.00,12.05,11.88,11.92,7709
8-Mar-11,12.02,12.05,11.88,12.00,6164
7-Mar-11,11.86,12.01,11.80,11.82,11494
4-Mar-11,12.03,12.13,11.86,11.90,20817
3-Mar-11,12.15,12.15,12.01,12.10,3612
2-Mar-11,12.05,12.15,12.02,12.04,9101
1-Mar-11,12.10,12.10,11.98,12.02,16267
28-Feb-11,12.00,12.16,12.00,12.15,7599
25-Feb-11,12.05,12.18,12.05,12.15,14252
24-Feb-11,12.18,12.18,11.98,12.18,14937
23-Feb-11,12.29,12.32,12.22,12.32,7338
22-Feb-11,12.42,12.42,12.19,12.19,32291
18-Feb-11,12.30,12.30,12.30,12.30,0
17-Feb-11,12.53,12.71,12.53,12.71,17452
16-Feb-11,12.12,12.25,12.12,12.13,12095
15-Feb-11,11.86,11.95,11.86,11.91,28850
14-Feb-11,11.86,11.97,11.86,11.95,24528
11-Feb-11,11.33,11.65,11.33,11.65,13306
10-Feb-11,11.50,11.53,11.30,11.49,31516
9-Feb-11,11.69,11.69,11.57,11.66,27386
8-Feb-11,11.72,11.91,11.72,11.81,11454
7-Feb-11,11.89,11.93,11.80,11.81,6911
4-Feb-11,11.72,11.85,11.72,11.85,19361
3-Feb-11,11.75,11.97,11.75,11.97,15700
2-Feb-11,11.71,11.91,11.70,11.81,51715
1-Feb-11,11.50,11.68,11.50,11.63,5928
31-Jan-11,11.69,11.69,11.49,11.50,4117
28-Jan-11,11.94,11.94,11.74,11.80,7025
27-Jan-11,12.04,12.09,11.84,11.84,62042
26-Jan-11,12.02,12.04,11.98,12.04,28824
25-Jan-11,11.81,11.82,11.70,11.70,5250
24-Jan-11,11.77,11.77,11.70,11.75,9829
21-Jan-11,12.00,12.14,11.95,11.98,27932
20-Jan-11,12.20,12.20,11.95,12.01,15268
19-Jan-11,12.37,12.53,12.27,12.27,9655
18-Jan-11,12.48,12.68,12.48,12.55,15156
14-Jan-11,12.65,12.65,12.65,12.65,0
13-Jan-11,12.65,12.65,12.48,12.55,8530
12-Jan-11,12.33,12.53,12.33,12.36,19660
11-Jan-11,12.14,12.19,11.95,12.09,16428
10-Jan-11,12.51,12.51,12.40,12.45,24847
7-Jan-11,12.82,12.92,12.80,12.90,3594
6-Jan-11,12.87,13.04,12.87,12.98,25224
5-Jan-11,12.88,12.88,12.79,12.79,1210
4-Jan-11,12.98,13.09,12.87,12.88,6250
3-Jan-11,12.65,12.86,12.65,12.73,14469
31-Dec-10,12.61,12.80,12.61,12.70,10737
30-Dec-10,12.89,12.89,12.62,12.80,4593
29-Dec-10,12.78,12.78,12.78,12.78,5250
28-Dec-10,12.85,12.85,12.67,12.70,12295
27-Dec-10,12.96,13.09,12.91,12.91,5441
23-Dec-10,12.91,12.91,12.91,12.91,0
22-Dec-10,12.89,12.99,12.85,12.86,5617
21-Dec-10,12.70,12.80,12.70,12.78,20183
20-Dec-10,12.73,12.90,12.73,12.84,15326
17-Dec-10,13.00,13.00,12.91,13.00,7836
16-Dec-10,12.75,12.91,12.75,12.83,9548
15-Dec-10,13.51,13.51,13.31,13.31,8655
14-Dec-10,13.67,13.67,13.50,13.55,17850
13-Dec-10,13.71,13.75,13.71,13.72,8320
10-Dec-10,13.87,14.00,13.87,14.00,7770
9-Dec-10,13.98,14.00,13.86,14.00,4299
8-Dec-10,13.77,13.97,13.77,13.78,3802
7-Dec-10,14.22,14.42,14.18,14.21,8106
6-Dec-10,14.49,14.49,14.25,14.31,5720
3-Dec-10,14.14,14.39,14.14,14.17,13707
2-Dec-10,13.75,13.82,13.66,13.70,5410
1-Dec-10,13.53,13.70,13.53,13.70,12916
30-Nov-10,13.20,13.30,13.11,13.11,39345
29-Nov-10,13.32,13.33,13.25,13.27,7606
26-Nov-10,13.17,13.30,13.17,13.29,6278
24-Nov-10,13.74,13.74,13.74,13.74,0
23-Nov-10,13.70,13.70,13.51,13.68,5493
22-Nov-10,14.19,14.20,14.03,14.16,6683
19-Nov-10,14.04,14.14,13.99,14.05,17475
18-Nov-10,13.65,13.84,13.65,13.84,2192
17-Nov-10,13.56,13.70,13.51,13.60,17990
16-Nov-10,13.98,13.98,13.70,13.75,9113
15-Nov-10,14.15,14.15,13.93,13.93,61190
12-Nov-10,14.43,14.50,14.30,14.42,17836
11-Nov-10,14.46,14.53,14.38,14.45,21411
10-Nov-10,14.00,14.40,14.00,14.30,27735
9-Nov-10,14.05,14.08,13.88,13.98,20475
8-Nov-10,13.90,13.90,13.76,13.76,3494
5-Nov-10,14.05,14.05,13.89,13.95,10705
4-Nov-10,13.75,14.00,13.75,13.85,28007
3-Nov-10,13.42,13.42,13.33,13.33,4430
2-Nov-10,13.49,13.50,13.42,13.42,4400
1-Nov-10,13.26,13.46,13.26,13.30,17727
29-Oct-10,12.85,12.93,12.85,12.90,4922
28-Oct-10,12.93,12.95,12.92,12.92,3594
27-Oct-10,13.03,13.22,13.03,13.17,3908
26-Oct-10,13.70,13.70,13.56,13.57,3797
25-Oct-10,13.64,13.70,13.60,13.60,4360
22-Oct-10,13.47,13.55,13.46,13.47,7239
21-Oct-10,13.35,13.50,13.25,13.39,23123
20-Oct-10,13.50,13.52,13.37,13.45,15848
19-Oct-10,13.40,13.65,13.38,13.40,10726
18-Oct-10,13.69,13.74,13.49,13.65,8621
15-Oct-10,14.05,14.13,13.95,14.09,12132
14-Oct-10,13.92,13.92,13.56,13.59,41524
13-Oct-10,13.47,13.60,13.47,13.55,29973
12-Oct-10,13.05,13.16,13.02,13.15,3241
11-Oct-10,13.07,13.23,13.03,13.07,16149
8-Oct-10,13.03,13.14,13.00,13.14,32628
7-Oct-10,12.79,12.96,12.77,12.77,19091
6-Oct-10,12.61,12.68,12.61,12.61,5253
5-Oct-10,12.42,12.56,12.42,12.56,23098
4-Oct-10,12.49,12.50,12.37,12.40,9750
1-Oct-10,12.27,12.42,12.25,12.29,4424
30-Sep-10,12.33,12.34,12.24,12.28,2909
29-Sep-10,12.40,12.43,12.30,12.31,7683
28-Sep-10,12.34,12.45,12.34,12.40,3723
27-Sep-10,12.48,12.59,12.41,12.51,6436
24-Sep-10,12.21,12.35,12.21,12.33,9925
23-Sep-10,12.34,12.40,12.20,12.24,20447
22-Sep-10,12.45,12.48,12.35,12.37,12789
21-Sep-10,12.60,12.60,12.47,12.51,9570
20-Sep-10,12.40,12.59,12.40,12.57,11745
17-Sep-10,12.27,12.33,12.20,12.33,14444
16-Sep-10,12.10,12.21,12.10,12.20,13638
15-Sep-10,12.24,12.35,12.22,12.35,29600
14-Sep-10,12.13,12.30,12.13,12.27,21928
13-Sep-10,12.14,12.14,12.03,12.06,19778
10-Sep-10,11.97,11.97,11.92,11.92,1700
9-Sep-10,12.02,12.18,12.00,12.00,29648
8-Sep-10,12.10,12.12,11.92,12.00,36186
7-Sep-10,12.30,12.30,12.08,12.08,18185
6-Sep-10,11.84,11.84,11.84,11.84,0
3-Sep-10,11.84,11.84,11.84,11.84,0
2-Sep-10,11.68,11.76,11.67,11.70,18250
1-Sep-10,11.43,11.62,11.43,11.58,7635
31-Aug-10,11.41,11.53,11.41,11.41,5492
30-Aug-10,11.42,11.56,11.31,11.31,4454
27-Aug-10,11.36,11.51,11.36,11.49,2010
26-Aug-10,11.48,11.49,11.36,11.36,8521
25-Aug-10,11.24,11.42,11.20,11.42,7814
24-Aug-10,11.64,11.64,11.47,11.55,17575
23-Aug-10,11.66,11.83,11.64,11.64,18622
20-Aug-10,11.74,11.85,11.73,11.78,7314
19-Aug-10,12.35,12.35,12.00,12.03,8502
18-Aug-10,12.33,12.43,12.33,12.43,5813
17-Aug-10,12.50,12.55,12.50,12.52,5012
16-Aug-10,12.31,12.41,12.31,12.34,8158
13-Aug-10,12.10,12.21,12.10,12.21,5312
12-Aug-10,11.91,12.11,11.91,11.98,12661
11-Aug-10,11.75,11.86,11.75,11.78,3048
10-Aug-10,12.41,12.41,12.23,12.31,20700
9-Aug-10,12.71,12.79,12.71,12.76,9228
6-Aug-10,12.92,12.92,12.65,12.75,6711
5-Aug-10,13.27,13.40,13.27,13.30,171022
4-Aug-10,13.46,13.47,13.28,13.33,695678
3-Aug-10,13.40,13.45,13.36,13.36,842878
2-Aug-10,13.12,13.15,13.02,13.12,642862
30-Jul-10,12.68,12.88,12.68,12.74,3978
29-Jul-10,12.85,13.00,12.70,12.72,4470
28-Jul-10,12.67,12.85,12.50,12.55,33441
27-Jul-10,12.50,12.56,12.42,12.42,6045
26-Jul-10,12.11,12.33,12.11,12.25,7516
23-Jul-10,12.51,12.54,12.38,12.54,29550
22-Jul-10,12.42,12.58,12.42,12.45,13731
21-Jul-10,12.57,12.61,12.48,12.50,3711
20-Jul-10,12.10,12.36,12.06,12.36,14677
19-Jul-10,11.96,12.04,11.92,12.04,21834
16-Jul-10,11.94,11.94,11.79,11.79,8165
15-Jul-10,11.66,11.76,11.62,11.75,20786
14-Jul-10,11.61,11.73,11.61,11.61,4781
13-Jul-10,11.45,11.49,11.42,11.49,16156
12-Jul-10,11.47,11.61,11.47,11.50,3100
9-Jul-10,11.53,11.59,11.53,11.59,4230
8-Jul-10,11.29,11.40,11.26,11.34,2404
7-Jul-10,11.22,11.45,11.22,11.42,5915
6-Jul-10,11.60,11.65,11.37,11.40,3497
5-Jul-10,10.67,10.67,10.67,10.67,0
2-Jul-10,10.67,10.67,10.67,10.67,0
1-Jul-10,10.73,10.73,10.66,10.66,1698
30-Jun-10,10.79,10.94,10.75,10.75,900
29-Jun-10,10.98,10.98,10.52,10.52,15806
28-Jun-10,11.38,11.38,11.18,11.19,8732
25-Jun-10,11.74,11.77,11.66,11.70,19688
24-Jun-10,11.70,11.80,11.60,11.62,15304
23-Jun-10,11.50,11.60,11.50,11.57,9044
22-Jun-10,11.80,11.96,11.66,11.66,11447
21-Jun-10,11.49,11.49,11.33,11.40,5401
18-Jun-10,10.94,10.94,10.79,10.89,5673
17-Jun-10,11.22,11.22,11.06,11.15,8504
16-Jun-10,11.20,11.35,11.20,11.33,5478
15-Jun-10,11.13,11.35,11.08,11.35,12172
14-Jun-10,10.68,10.75,10.65,10.75,10978
11-Jun-10,10.32,10.45,10.26,10.26,14769
10-Jun-10,10.12,10.40,10.12,10.38,30891
9-Jun-10,10.58,10.80,10.54,10.54,13059
8-Jun-10,11.23,11.23,11.10,11.11,11085
7-Jun-10,11.70,11.75,11.55,11.55,5173
4-Jun-10,11.82,11.95,11.70,11.70,11937
3-Jun-10,11.71,11.71,11.53,11.53,4808
2-Jun-10,11.55,11.65,11.50,11.62,22644
1-Jun-10,12.05,12.15,11.95,11.95,15057
31-May-10,12.15,12.15,12.15,12.15,0
28-May-10,12.15,12.15,12.15,12.15,0
27-May-10,12.15,12.15,12.01,12.12,10950
26-May-10,11.67,11.95,11.67,11.80,19885
25-May-10,11.75,12.05,11.66,12.05,25892
24-May-10,12.97,12.97,12.67,12.67,8102
21-May-10,11.95,12.21,11.90,12.06,23406
20-May-10,12.30,12.48,11.90,11.95,26400
19-May-10,12.96,13.10,12.80,13.05,64231
18-May-10,13.53,13.53,13.20,13.20,6506
17-May-10,13.93,13.93,13.64,13.73,19797
14-May-10,14.62,14.62,14.29,14.31,13472
13-May-10,14.11,14.27,14.00,14.00,14155
12-May-10,13.63,13.83,13.63,13.76,12652
11-May-10,13.55,13.85,13.55,13.80,3875
10-May-10,13.67,13.67,13.45,13.53,16068
7-May-10,13.21,13.21,12.91,13.07,20919
6-May-10,13.30,13.46,12.95,12.95,36927
5-May-10,14.45,14.51,14.20,14.20,14602
4-May-10,15.11,15.11,14.55,14.61,15020
3-May-10,15.20,15.27,15.05,15.18,15084
30-Apr-10,15.00,15.05,14.85,14.86,6461
29-Apr-10,14.55,14.82,14.55,14.82,28093
28-Apr-10,15.01,15.18,15.00,15.07,15694
27-Apr-10,15.51,15.70,15.30,15.30,28534
26-Apr-10,16.00,16.00,15.81,15.81,10380
23-Apr-10,15.59,15.77,15.59,15.75,23888
22-Apr-10,15.18,15.18,14.99,15.15,38250
21-Apr-10,14.71,14.71,14.53,14.53,18685
20-Apr-10,14.46,14.64,14.46,14.64,3886
19-Apr-10,14.50,14.50,14.44,14.50,14003
16-Apr-10,14.70,14.70,14.39,14.56,10713
15-Apr-10,15.00,15.05,14.96,15.05,10025
14-Apr-10,14.85,14.95,14.85,14.95,17784
13-Apr-10,14.10,14.27,14.10,14.27,14284
12-Apr-10,14.53,14.65,14.53,14.60,10924
9-Apr-10,14.77,14.77,14.57,14.58,11747
8-Apr-10,14.55,14.68,14.55,14.61,9433
7-Apr-10,14.60,14.73,14.39,14.39,29207
6-Apr-10,14.20,14.25,14.14,14.17,7798
5-Apr-10,14.15,14.15,14.13,14.15,21259
2-Apr-10,14.03,14.03,14.03,14.03,0
1-Apr-10,14.03,14.03,14.03,14.03,0
31-Mar-10,13.65,13.80,13.61,13.80,7780
30-Mar-10,13.60,13.80,13.55,13.55,7140
29-Mar-10,13.60,13.85,13.60,13.63,9156
26-Mar-10,13.58,13.87,13.51,13.60,12303
25-Mar-10,13.58,13.63,13.55,13.60,3408
24-Mar-10,13.25,13.30,13.18,13.18,10507
23-Mar-10,13.10,13.35,13.10,13.30,10675
22-Mar-10,13.50,13.67,13.50,13.66,39574
19-Mar-10,14.00,14.05,13.80,13.87,385112
18-Mar-10,13.90,13.95,13.80,13.85,406491
17-Mar-10,13.80,13.88,13.80,13.82,165445
16-Mar-10,13.65,13.70,13.60,13.61,102928
15-Mar-10,13.65,13.72,13.58,13.58,200171
12-Mar-10,14.00,14.00,13.88,13.88,41435
11-Mar-10,14.05,14.13,13.99,14.05,245470
10-Mar-10,13.75,13.85,13.75,13.76,13686
9-Mar-10,13.60,13.77,13.60,13.68,33944
8-Mar-10,13.70,13.79,13.70,13.77,14715
5-Mar-10,13.20,13.45,13.20,13.34,6715
4-Mar-10,13.03,13.10,13.02,13.02,9555
3-Mar-10,13.30,13.30,13.04,13.12,11368
2-Mar-10,13.31,13.50,13.31,13.38,18121
1-Mar-10,13.25,13.55,13.25,13.55,27126
26-Feb-10,13.15,13.15,12.85,13.00,10996
25-Feb-10,13.15,13.34,13.12,13.30,27070
24-Feb-10,13.70,13.70,13.53,13.66,24715
23-Feb-10,13.96,14.00,13.80,13.81,29459
22-Feb-10,13.77,13.96,13.76,13.76,6787
19-Feb-10,13.57,13.85,13.57,13.78,9578
18-Feb-10,13.65,13.86,13.64,13.79,17422
17-Feb-10,13.35,13.40,13.35,13.35,13693
16-Feb-10,13.23,13.45,13.21,13.35,14357
15-Feb-10,13.13,13.13,13.13,13.13,0
12-Feb-10,13.13,13.13,13.13,13.13,0
11-Feb-10,13.08,13.22,12.95,13.10,10859
10-Feb-10,13.05,13.25,13.00,13.05,135773
9-Feb-10,13.40,13.50,13.27,13.37,12467
8-Feb-10,13.60,13.65,13.36,13.39,26923
5-Feb-10,13.25,13.30,12.75,13.02,34134
4-Feb-10,14.60,14.72,14.15,14.15,28849
3-Feb-10,14.60,14.60,14.45,14.45,26454
2-Feb-10,13.75,14.10,13.75,13.96,9347
1-Feb-10,13.83,13.85,13.64,13.84,17424
29-Jan-10,13.79,13.94,13.70,13.70,14294
28-Jan-10,13.20,13.25,13.05,13.07,16893
27-Jan-10,13.18,13.18,12.87,13.16,30071
26-Jan-10,13.50,13.51,13.26,13.45,28793
25-Jan-10,14.12,14.34,14.10,14.15,20001
22-Jan-10,14.20,14.44,14.05,14.05,34511
21-Jan-10,14.05,14.05,13.55,13.59,35907
20-Jan-10,14.35,14.44,14.25,14.35,29058
19-Jan-10,14.85,14.85,14.50,14.75,28946
18-Jan-10,15.20,15.20,15.20,15.20,0
15-Jan-10,15.20,15.20,15.20,15.20,0
14-Jan-10,15.05,15.15,15.05,15.08,35649
13-Jan-10,14.20,14.20,13.95,14.15,17100
12-Jan-10,14.20,14.24,14.10,14.15,31462
11-Jan-10,13.79,13.80,13.55,13.68,14195
8-Jan-10,13.93,14.08,13.93,13.94,12578
7-Jan-10,13.88,14.00,13.86,13.91,39612
6-Jan-10,13.90,13.99,13.81,13.88,49628
5-Jan-10,13.65,13.65,13.38,13.42,22568
4-Jan-10,12.77,13.05,12.71,13.00,26522
1-Jan-10,12.35,12.35,12.35,12.35,0
31-Dec-09,12.35,12.35,12.35,12.35,0
30-Dec-09,12.14,12.30,12.14,12.19,13565
29-Dec-09,12.25,12.35,12.25,12.28,21857
28-Dec-09,12.30,12.40,12.30,12.34,28516
25-Dec-09,12.15,12.15,12.15,12.15,0
24-Dec-09,12.10,12.15,12.07,12.15,8562
23-Dec-09,12.06,12.25,12.06,12.20,12908
22-Dec-09,11.67,11.89,11.67,11.75,16711
21-Dec-09,11.20,11.38,11.20,11.30,21162
18-Dec-09,11.21,11.21,11.10,11.18,16425
17-Dec-09,11.30,11.33,11.30,11.30,36019
16-Dec-09,11.36,11.60,11.36,11.55,9959
15-Dec-09,12.00,12.05,11.85,11.86,11490
14-Dec-09,12.09,12.25,12.09,12.16,32593
11-Dec-09,11.87,11.87,11.75,11.84,11173
10-Dec-09,11.80,12.00,11.80,11.98,25426
9-Dec-09,11.50,11.69,11.50,11.61,20583
8-Dec-09,11.45,11.60,11.45,11.46,25332
7-Dec-09,11.00,11.11,11.00,11.00,5925
4-Dec-09,11.13,11.20,11.00,11.10,6567
3-Dec-09,11.18,11.24,11.18,11.20,17843
2-Dec-09,11.29,11.32,11.15,11.25,9393
1-Dec-09,11.45,11.60,11.45,11.55,24684
30-Nov-09,11.40,11.55,11.35,11.48,15886
27-Nov-09,11.05,11.15,11.05,11.07,20313
26-Nov-09,11.15,11.15,11.15,11.15,0
25-Nov-09,11.05,11.22,11.05,11.15,11578
24-Nov-09,11.22,11.22,11.07,11.11,3266
23-Nov-09,11.30,11.30,11.06,11.21,11901
20-Nov-09,11.00,11.13,10.95,11.00,18007
19-Nov-09,11.60,11.60,11.50,11.50,10584
18-Nov-09,11.57,11.76,11.57,11.65,20724
17-Nov-09,12.24,12.25,12.00,12.10,94112
16-Nov-09,11.95,12.15,11.95,12.13,47918
13-Nov-09,11.45,11.65,11.45,11.58,15267
12-Nov-09,11.40,11.60,11.40,11.40,12030
11-Nov-09,10.99,11.15,10.97,11.05,31361
10-Nov-09,10.85,10.85,10.69,10.75,22912
9-Nov-09,11.28,11.30,11.16,11.27,12202
6-Nov-09,11.34,11.46,11.34,11.38,13197
5-Nov-09,11.40,11.55,11.25,11.45,25378
4-Nov-09,11.15,11.40,11.15,11.25,6412
3-Nov-09,11.00,11.17,11.00,11.14,7844
2-Nov-09,11.05,11.28,11.05,11.05,13811
30-Oct-09,11.25,11.35,11.01,11.02,16328
29-Oct-09,11.39,11.58,11.38,11.52,35617
28-Oct-09,11.21,11.24,10.91,10.92,32950
27-Oct-09,11.80,11.80,11.50,11.53,20182
26-Oct-09,11.95,12.00,11.80,11.80,15170
23-Oct-09,11.91,12.10,11.80,11.90,28529
22-Oct-09,11.79,11.80,11.65,11.80,12087
21-Oct-09,12.08,12.09,11.90,11.91,15846
20-Oct-09,12.24,12.24,12.00,12.09,12851
19-Oct-09,11.90,12.10,11.90,12.00,40108
16-Oct-09,11.54,11.54,11.30,11.50,48474
15-Oct-09,11.60,11.63,11.52,11.59,24671
14-Oct-09,11.30,11.60,11.30,11.60,52958
13-Oct-09,10.70,10.92,10.70,10.92,38262
12-Oct-09,10.45,10.45,10.30,10.34,26867
9-Oct-09,10.29,10.29,10.17,10.19,31373
8-Oct-09,10.35,10.45,10.35,10.39,45810
7-Oct-09,9.94,10.00,9.90,9.94,35008
6-Oct-09,9.41,9.65,9.41,9.48,28820
5-Oct-09,8.67,8.95,8.67,8.80,15882
2-Oct-09,8.54,8.70,8.54,8.70,13783
1-Oct-09,8.75,8.80,8.65,8.75,19859
30-Sep-09,8.80,8.93,8.80,8.83,6405
29-Sep-09,9.00,9.00,8.89,8.90,10103
28-Sep-09,8.61,8.85,8.61,8.77,11353
25-Sep-09,8.76,8.90,8.75,8.75,11114
24-Sep-09,8.95,8.95,8.85,8.86,26257
23-Sep-09,8.75,8.95,8.75,8.81,14679
22-Sep-09,8.66,8.72,8.50,8.72,5449
21-Sep-09,8.67,8.69,8.50,8.62,36034
18-Sep-09,8.94,9.08,8.94,8.97,13725
17-Sep-09,9.01,9.06,8.91,8.92,10919
16-Sep-09,9.05,9.20,9.05,9.19,6956
15-Sep-09,9.00,9.14,9.00,9.11,13198
14-Sep-09,8.95,9.14,8.95,9.06,29321
11-Sep-09,8.93,8.98,8.82,8.94,21437
10-Sep-09,9.00,9.16,9.00,9.01,6328
9-Sep-09,8.87,9.04,8.87,8.94,14545
8-Sep-09,9.40,9.47,9.40,9.40,17167
4-Sep-09,9.36,9.50,9.36,9.50,9314
3-Sep-09,9.25,9.29,9.24,9.29,16125
2-Sep-09,8.75,8.90,8.73,8.80,23488
1-Sep-09,8.76,8.86,8.65,8.65,27970
31-Aug-09,8.35,8.50,8.34,8.37,18839
28-Aug-09,8.83,8.83,8.60,8.70,21928
27-Aug-09,8.95,8.95,8.80,8.91,44352
26-Aug-09,9.20,9.20,9.10,9.11,19184
25-Aug-09,9.33,9.34,9.25,9.25,15192
24-Aug-09,9.26,9.32,9.21,9.23,26107
21-Aug-09,9.20,9.22,9.20,9.20,9921
20-Aug-09,9.10,9.21,9.10,9.21,24540
19-Aug-09,9.15,9.17,9.00,9.14,18704
18-Aug-09,9.15,9.25,9.15,9.19,42356
17-Aug-09,9.10,9.21,8.97,8.97,36858
14-Aug-09,9.61,9.61,9.31,9.33,13152
13-Aug-09,9.69,9.69,9.43,9.48,78358
12-Aug-09,9.75,9.97,9.75,9.97,8235
10-Aug-09,10.03,10.21,10.03,10.05,64592
7-Aug-09,9.96,10.10,9.96,10.05,50575
6-Aug-09,9.81,10.00,9.75,9.75,17065
5-Aug-09,9.51,9.51,9.28,9.38,18609
4-Aug-09,10.03,10.20,10.00,10.08,34560
3-Aug-09,9.50,9.65,9.50,9.60,12386
31-Jul-09,9.35,9.45,9.35,9.40,21565
30-Jul-09,9.21,9.40,9.21,9.26,14522
29-Jul-09,8.85,9.10,8.85,8.85,13680
28-Jul-09,9.17,9.25,9.10,9.19,7936
27-Jul-09,9.10,9.30,9.10,9.20,30346
24-Jul-09,9.06,9.20,9.06,9.20,42078
23-Jul-09,9.00,9.20,8.91,9.20,39048
22-Jul-09,9.08,9.26,9.08,9.26,36630
21-Jul-09,8.75,8.75,8.50,8.54,22825
20-Jul-09,8.00,8.15,8.00,8.13,24363
17-Jul-09,8.01,8.15,8.01,8.04,22349
16-Jul-09,7.56,7.67,7.54,7.67,9407
15-Jul-09,7.51,7.71,7.51,7.70,15292
14-Jul-09,6.97,7.10,6.97,7.05,4400
13-Jul-09,6.60,6.73,6.60,6.73,7305
10-Jul-09,6.65,6.80,6.65,6.66,2254
9-Jul-09,6.70,6.80,6.70,6.77,8329
8-Jul-09,6.99,6.99,6.72,6.75,15841
7-Jul-09,7.05,7.10,7.00,7.00,15145
6-Jul-09,7.11,7.11,6.98,7.10,12038
3-Jul-09,7.27,7.27,7.27,7.27,0
2-Jul-09,7.40,7.42,7.20,7.27,27126
1-Jul-09,7.50,7.59,7.49,7.52,10299
30-Jun-09,7.50,7.52,7.42,7.52,11954
29-Jun-09,7.74,7.93,7.74,7.83,15869
26-Jun-09,7.52,7.64,7.52,7.54,3804
25-Jun-09,7.35,7.59,7.35,7.59,43321
24-Jun-09,7.39,7.58,7.39,7.45,21312
23-Jun-09,7.27,7.41,7.27,7.41,7747
22-Jun-09,7.46,7.51,7.40,7.40,7697
19-Jun-09,7.20,7.40,7.20,7.28,8881
18-Jun-09,7.25,7.44,7.25,7.30,15192
17-Jun-09,7.52,7.54,7.40,7.44,23741
16-Jun-09,7.52,7.62,7.43,7.44,16671
15-Jun-09,7.63,7.78,7.61,7.65,20648
12-Jun-09,8.03,8.03,7.86,7.87,10066
11-Jun-09,8.30,8.35,8.15,8.25,42378
10-Jun-09,7.65,7.90,7.64,7.68,34220
9-Jun-09,7.08,7.24,7.08,7.14,43040
8-Jun-09,7.31,7.45,7.25,7.32,14820
5-Jun-09,7.77,7.90,7.77,7.88,7181
4-Jun-09,7.71,7.91,7.71,7.89,24961
3-Jun-09,8.05,8.10,7.90,7.90,20256
2-Jun-09,8.13,8.20,8.10,8.16,111879
1-Jun-09,8.40,8.60,8.40,8.55,25183
29-May-09,7.92,8.00,7.85,7.95,18679
28-May-09,7.90,7.93,7.75,7.82,23513
27-May-09,7.85,7.94,7.72,7.84,19672
26-May-09,7.75,7.99,7.75,7.92,48923
22-May-09,7.38,7.38,7.15,7.21,21857
21-May-09,7.61,7.74,7.47,7.50,27872
20-May-09,7.95,8.12,7.90,7.90,37188
19-May-09,7.40,7.48,7.40,7.42,12782
18-May-09,7.55,7.65,7.43,7.65,19875
15-May-09,7.35,7.43,7.30,7.35,30318
14-May-09,6.98,7.03,6.75,6.94,40707
13-May-09,7.25,7.30,7.10,7.20,49771
12-May-09,7.52,7.52,7.40,7.47,102028
11-May-09,7.25,7.40,7.25,7.39,42266
8-May-09,7.54,7.65,7.50,7.55,33699
7-May-09,6.50,6.50,6.37,6.38,41380
6-May-09,6.43,6.60,6.43,6.60,16593
5-May-09,6.33,6.49,6.28,6.40,71878
4-May-09,5.99,6.20,5.99,6.20,745637
1-May-09,5.60,5.75,5.57,5.73,136968
30-Apr-09,5.60,5.75,5.46,5.68,699587
29-Apr-09,5.60,5.74,5.57,5.69,321236
28-Apr-09,5.40,5.56,5.40,5.54,324272
27-Apr-09,5.30,5.45,5.25,5.40,488291
24-Apr-09,5.98,6.09,5.91,6.09,15013
23-Apr-09,5.78,5.87,5.78,5.87,7366
22-Apr-09,5.45,5.62,5.45,5.48,54769
21-Apr-09,5.59,5.69,5.55,5.61,4035
20-Apr-09,5.87,5.95,5.75,5.75,17683
17-Apr-09,5.99,6.09,5.99,6.02,6079
16-Apr-09,5.70,5.95,5.70,5.84,7851
15-Apr-09,5.75,6.05,5.75,6.00,15915
14-Apr-09,5.31,5.38,5.27,5.27,8551
13-Apr-09,5.12,5.25,5.05,5.16,25797
10-Apr-09,5.07,5.07,5.07,5.07,0
9-Apr-09,5.12,5.14,5.07,5.07,7992
8-Apr-09,4.98,4.99,4.92,4.95,18650
7-Apr-09,5.48,5.50,5.43,5.43,25710
6-Apr-09,5.73,5.78,5.62,5.74,169264
3-Apr-09,5.37,5.37,5.27,5.35,54123
2-Apr-09,5.10,5.42,5.10,5.36,26425
1-Apr-09,4.75,4.86,4.74,4.86,11755
31-Mar-09,4.55,4.62,4.55,4.62,59175
30-Mar-09,4.75,4.75,4.55,4.58,51505
27-Mar-09,4.90,4.99,4.90,4.99,9043
26-Mar-09,4.98,4.99,4.92,4.98,6307
25-Mar-09,4.85,4.95,4.81,4.81,74850
24-Mar-09,4.90,4.98,4.88,4.88,22478
23-Mar-09,4.60,4.83,4.60,4.82,16933
20-Mar-09,4.55,4.55,4.50,4.55,5888
19-Mar-09,4.68,4.68,4.48,4.60,9548
18-Mar-09,4.55,4.80,4.55,4.73,40400
17-Mar-09,4.32,4.46,4.22,4.46,33389
16-Mar-09,4.22,4.40,4.21,4.32,30192
13-Mar-09,3.85,3.93,3.85,3.90,5097
12-Mar-09,3.85,4.07,3.85,3.97,7252
11-Mar-09,3.85,4.00,3.85,3.95,14777
10-Mar-09,3.95,3.95,3.83,3.89,31671
9-Mar-09,3.78,3.80,3.68,3.68,38045
6-Mar-09,3.85,3.85,3.72,3.78,21117
5-Mar-09,3.79,3.80,3.70,3.71,85943
4-Mar-09,3.70,3.88,3.70,3.80,47730
3-Mar-09,3.50,3.59,3.45,3.53,21750
2-Mar-09,3.55,3.55,3.44,3.44,34860
27-Feb-09,3.65,3.65,3.62,3.62,69847
26-Feb-09,3.60,3.74,3.60,3.70,9498
25-Feb-09,3.75,3.75,3.60,3.65,7547
24-Feb-09,3.56,3.75,3.56,3.75,139789
23-Feb-09,3.80,3.80,3.68,3.68,29647
20-Feb-09,3.75,3.85,3.72,3.80,15209
19-Feb-09,3.85,4.00,3.84,3.90,39521
18-Feb-09,4.00,4.00,3.75,3.76,10680
17-Feb-09,3.95,3.95,3.66,3.75,10349
13-Feb-09,4.10,4.23,4.10,4.14,8230
12-Feb-09,4.25,4.25,4.00,4.10,7250
11-Feb-09,4.01,4.11,4.01,4.11,1814
10-Feb-09,4.40,4.40,4.10,4.10,41775
9-Feb-09,4.25,4.25,4.15,4.19,10160
6-Feb-09,4.05,4.44,3.94,4.24,39008
5-Feb-09,3.66,3.89,3.66,3.85,10530
4-Feb-09,4.00,4.00,3.86,3.94,27960
3-Feb-09,3.92,3.95,3.75,3.95,7232
2-Feb-09,3.50,3.75,3.50,3.62,17839
30-Jan-09,3.65,3.77,3.65,3.73,4831
29-Jan-09,3.60,3.70,3.60,3.65,21855
28-Jan-09,3.52,3.70,3.52,3.70,11509
27-Jan-09,3.35,3.75,3.35,3.57,35878
26-Jan-09,3.50,3.70,3.50,3.64,37971
23-Jan-09,3.50,3.61,3.42,3.59,29782
22-Jan-09,3.90,3.90,3.60,3.73,36496
21-Jan-09,3.95,3.95,3.71,3.92,3176
20-Jan-09,3.88,3.88,3.65,3.69,31995
16-Jan-09,3.92,4.10,3.92,4.00,14720
15-Jan-09,3.77,3.92,3.72,3.88,56415
14-Jan-09,3.90,3.90,3.70,3.80,51600
13-Jan-09,4.30,4.45,4.30,4.32,17141
12-Jan-09,4.45,4.45,4.26,4.30,21355
9-Jan-09,4.51,4.60,4.35,4.49,40355
8-Jan-09,5.05,5.05,4.81,5.04,41047
7-Jan-09,6.10,6.76,6.06,6.40,15113
6-Jan-09,6.55,6.83,6.55,6.75,82566
5-Jan-09,5.81,6.00,5.81,5.99,20487
2-Jan-09,5.50,5.80,5.50,5.78,29563
1-Jan-09,5.50,5.50,5.50,5.50,0
31-Dec-08,5.34,5.50,5.34,5.50,25828
30-Dec-08,5.20,5.40,5.20,5.34,31271
29-Dec-08,5.45,5.55,5.45,5.55,30435
26-Dec-08,5.47,5.74,5.47,5.74,3717
25-Dec-08,5.52,5.52,5.52,5.52,0
24-Dec-08,5.45,5.52,5.45,5.52,1454
23-Dec-08,5.47,5.50,5.37,5.37,15054
22-Dec-08,5.60,5.83,5.56,5.62,27895
19-Dec-08,6.15,6.20,6.00,6.11,85209
18-Dec-08,5.76,5.90,5.69,5.70,16656
17-Dec-08,5.70,5.78,5.62,5.76,37938
16-Dec-08,5.25,5.50,5.25,5.43,18144
15-Dec-08,5.45,5.45,5.21,5.35,26742
12-Dec-08,5.10,5.45,5.10,5.45,7434
11-Dec-08,5.40,5.70,5.40,5.47,76480
10-Dec-08,5.50,5.60,5.50,5.60,90226
9-Dec-08,4.30,4.60,4.30,4.45,51532
8-Dec-08,4.60,4.95,4.60,4.73,28983
5-Dec-08,4.46,4.59,4.40,4.55,22518
4-Dec-08,4.64,4.69,4.47,4.47,89821
3-Dec-08,4.45,4.75,4.45,4.75,13366
2-Dec-08,4.70,4.96,4.70,4.90,18824
1-Dec-08,4.64,4.85,4.56,4.56,17687
28-Nov-08,4.75,4.75,4.53,4.74,14383
27-Nov-08,4.75,4.75,4.75,4.75,0
26-Nov-08,4.38,4.75,4.38,4.75,17835
25-Nov-08,4.50,4.66,4.46,4.66,10786
24-Nov-08,4.50,4.85,4.50,4.80,12200
21-Nov-08,4.35,4.60,4.21,4.60,45157
20-Nov-08,4.20,4.44,4.05,4.06,29533
19-Nov-08,4.85,4.85,4.31,4.31,92559
18-Nov-08,4.52,4.74,4.48,4.51,43292
17-Nov-08,4.66,4.80,4.51,4.54,112988
14-Nov-08,4.85,4.85,4.45,4.46,70948
13-Nov-08,4.55,5.05,4.50,5.05,84263
12-Nov-08,4.50,4.50,4.40,4.41,10247
11-Nov-08,4.70,4.70,4.35,4.58,33355
10-Nov-08,5.20,5.20,4.75,4.95,41880
7-Nov-08,5.90,5.95,5.60,5.80,36745
6-Nov-08,6.25,6.65,6.10,6.51,20998
5-Nov-08,6.85,7.00,6.60,6.60,30674
4-Nov-08,6.35,6.35,6.00,6.35,52558
3-Nov-08,6.10,6.10,5.86,5.95,24615
31-Oct-08,5.80,5.90,5.60,5.65,891864
30-Oct-08,6.60,6.60,6.20,6.35,404136
29-Oct-08,6.10,6.40,6.00,6.06,81854
28-Oct-08,6.33,6.72,6.25,6.70,728308
27-Oct-08,6.30,6.60,6.30,6.55,497935
24-Oct-08,6.41,6.55,6.00,6.41,70124
23-Oct-08,6.41,6.65,6.24,6.41,633124
22-Oct-08,6.30,6.75,6.10,6.30,570478
21-Oct-08,6.30,6.80,6.30,6.30,652404
20-Oct-08,6.75,6.80,6.45,6.75,290863
17-Oct-08,6.66,7.00,6.60,6.66,725960
16-Oct-08,7.44,7.45,6.80,7.44,42288
15-Oct-08,7.15,7.65,7.15,7.15,59637
14-Oct-08,8.01,8.95,8.01,8.01,20293
13-Oct-08,8.75,8.75,7.90,8.75,61196
10-Oct-08,6.82,8.00,6.40,6.82,114464
9-Oct-08,7.68,8.05,7.11,7.68,107099
8-Oct-08,7.70,7.90,7.25,7.70,198938
7-Oct-08,7.75,8.25,7.35,7.75,144360
6-Oct-08,7.90,8.50,7.00,7.90,407363
3-Oct-08,8.58,8.75,8.55,8.58,349789
2-Oct-08,8.91,9.20,8.70,8.91,98689
1-Oct-08,8.65,8.90,8.56,8.65,38674
30-Sep-08,8.60,8.90,8.45,8.60,32741
29-Sep-08,8.30,9.20,8.30,8.30,31039
26-Sep-08,9.22,9.30,9.15,9.22,70698
25-Sep-08,10.34,10.40,10.00,10.34,31946
24-Sep-08,10.40,10.75,10.40,10.40,11710
23-Sep-08,11.20,11.40,10.95,11.20,43350
22-Sep-08,11.30,11.85,11.30,11.30,66071
19-Sep-08,12.43,13.20,12.25,12.43,82454
18-Sep-08,10.14,10.30,9.70,10.14,138599
17-Sep-08,9.50,10.10,9.45,9.50,110539
16-Sep-08,10.95,11.00,10.50,10.95,96417
15-Sep-08,10.50,11.10,10.50,10.50,127153
12-Sep-08,11.30,11.35,10.95,11.30,14096
11-Sep-08,11.33,11.50,10.90,11.33,36468
10-Sep-08,11.70,11.95,11.60,11.70,14679
9-Sep-08,11.85,12.30,11.85,11.85,33189
8-Sep-08,12.30,12.60,12.30,12.30,41082
5-Sep-08,12.00,12.10,11.90,12.00,21154
4-Sep-08,11.94,12.20,11.80,11.94,28922
3-Sep-08,12.75,12.75,12.55,12.75,27768
2-Sep-08,12.24,13.85,12.10,12.24,24425
29-Aug-08,13.65,13.70,13.55,13.65,17537
28-Aug-08,14.25,14.25,14.00,14.25,6230
27-Aug-08,14.35,14.35,14.05,14.35,11459
26-Aug-08,14.15,14.15,13.90,14.15,10097
25-Aug-08,14.05,14.35,13.90,14.05,20577
22-Aug-08,14.25,14.25,13.90,14.25,11349
21-Aug-08,13.92,14.10,13.75,13.92,6246
20-Aug-08,14.40,14.45,14.20,14.40,29481
19-Aug-08,13.70,14.00,13.70,13.70,10442
18-Aug-08,14.05,14.40,14.00,14.05,14110
15-Aug-08,14.49,14.50,14.35,14.49,11565
14-Aug-08,14.40,14.40,14.20,14.40,34382
13-Aug-08,13.79,13.79,13.46,13.79,23058
12-Aug-08,13.70,14.05,13.69,13.70,44824
11-Aug-08,14.30,14.30,14.05,14.30,15124
8-Aug-08,14.00,14.15,13.90,14.00,27919
7-Aug-08,13.18,13.40,13.16,13.18,44263
6-Aug-08,14.23,14.25,13.00,14.23,40722
5-Aug-08,14.09,14.20,13.70,14.09,13245
4-Aug-08,13.70,13.95,13.55,13.70,9827
1-Aug-08,14.25,14.35,14.05,14.25,20185
31-Jul-08,14.01,14.15,13.75,14.01,50137
30-Jul-08,13.70,13.90,13.50,13.70,50715
29-Jul-08,13.95,13.95,13.60,13.95,16530
28-Jul-08,13.45,13.80,13.45,13.45,19432
25-Jul-08,13.85,13.85,13.50,13.85,27687
24-Jul-08,13.90,14.35,13.90,13.90,76714
23-Jul-08,13.80,13.95,13.70,13.80,16540
22-Jul-08,13.79,13.80,13.40,13.79,39229
21-Jul-08,14.00,14.20,13.75,14.00,76846
18-Jul-08,14.15,14.25,14.00,14.15,6579
17-Jul-08,14.00,14.35,14.00,14.00,14760
16-Jul-08,13.72,13.80,13.40,13.72,72370
15-Jul-08,13.46,13.70,13.30,13.46,31046
14-Jul-08,13.85,14.25,13.85,13.85,17473
11-Jul-08,14.10,14.30,13.85,14.10,18441
10-Jul-08,14.30,14.45,14.15,14.30,31461
9-Jul-08,13.80,13.95,13.56,13.80,21139
8-Jul-08,13.70,13.70,13.50,13.70,10204
7-Jul-08,14.05,14.25,13.89,14.05,16813
3-Jul-08,13.90,13.90,13.40,13.90,169644
2-Jul-08,13.55,13.60,13.25,13.55,22702
1-Jul-08,13.40,13.55,13.10,13.40,32861
30-Jun-08,13.59,13.70,13.35,13.59,12790
27-Jun-08,14.05,14.30,13.95,14.05,13818
26-Jun-08,14.25,14.40,14.11,14.25,53070
25-Jun-08,14.15,14.30,14.00,14.15,30043
24-Jun-08,14.00,14.00,13.70,14.00,26395
23-Jun-08,13.55,13.70,13.50,13.55,14585
20-Jun-08,13.85,13.90,13.40,13.85,14992
19-Jun-08,13.75,13.75,13.35,13.75,19443
18-Jun-08,13.95,14.00,13.85,13.95,25421
17-Jun-08,13.90,13.95,13.77,13.90,29607
16-Jun-08,13.82,13.84,13.51,13.82,13283
13-Jun-08,13.74,13.75,13.30,13.74,26822
12-Jun-08,13.55,13.80,13.50,13.55,68205
11-Jun-08,13.75,14.15,13.65,13.75,42337
10-Jun-08,14.37,14.45,14.10,14.37,137297
9-Jun-08,14.70,14.90,14.55,14.70,19168
6-Jun-08,14.70,15.25,14.60,14.70,44510
5-Jun-08,15.10,15.25,14.75,15.10,46744
4-Jun-08,15.15,15.40,15.15,15.15,32867
3-Jun-08,15.00,15.10,14.70,15.00,16321
2-Jun-08,15.10,15.20,14.75,15.10,23266
30-May-08,14.85,14.85,14.55,14.85,17903
29-May-08,15.08,15.20,14.80,15.08,35622
28-May-08,16.00,16.00,15.65,16.00,39255
23-May-08,15.09,15.50,15.00,15.09,125365
22-May-08,16.79,16.80,16.40,16.79,58675
21-May-08,16.60,17.25,16.50,16.60,61361
20-May-08,16.39,16.65,16.16,16.39,160081
19-May-08,17.19,17.25,16.80,17.19,120141
16-May-08,16.45,16.45,16.10,16.45,70953
15-May-08,16.55,16.64,16.20,16.55,48764
14-May-08,16.00,16.00,15.75,16.00,9958
13-May-08,16.00,16.00,15.75,16.00,26460
12-May-08,16.00,16.15,15.75,16.00,19366
9-May-08,15.76,16.05,15.75,15.76,9543
8-May-08,15.25,15.25,14.90,15.25,18503
7-May-08,14.50,14.90,14.50,14.50,22552
6-May-08,15.75,15.85,15.30,15.75,21931
5-May-08,15.80,15.80,15.50,15.80,92903
2-May-08,16.16,16.35,16.00,16.16,97659
1-May-08,15.65,15.65,15.15,15.65,24437
30-Apr-08,15.50,15.50,15.15,15.50,9871
29-Apr-08,15.25,15.65,15.25,15.25,11899
28-Apr-08,15.05,15.05,14.85,15.05,10088
25-Apr-08,15.00,15.00,14.85,15.00,24941
24-Apr-08,15.70,15.70,15.30,15.70,10675
23-Apr-08,15.20,15.20,14.80,15.20,23213
22-Apr-08,14.75,15.20,14.75,14.75,27579
21-Apr-08,15.35,15.35,15.15,15.35,49029
18-Apr-08,15.75,15.75,15.30,15.75,27211
17-Apr-08,15.10,15.20,15.05,15.10,28587
16-Apr-08,14.45,14.60,14.15,14.45,36065
15-Apr-08,14.25,14.25,14.00,14.25,11651
14-Apr-08,13.90,13.90,13.60,13.90,15915
11-Apr-08,13.95,14.00,13.65,13.95,10058
10-Apr-08,13.65,13.65,13.30,13.65,7239
9-Apr-08,13.12,13.20,12.95,13.12,52945
8-Apr-08,13.80,13.80,13.55,13.80,16338
7-Apr-08,13.70,13.95,13.65,13.70,15536
4-Apr-08,13.70,13.70,13.30,13.70,21465
3-Apr-08,13.60,13.60,13.25,13.60,4703
2-Apr-08,13.15,13.25,13.00,13.15,20855
1-Apr-08,13.45,13.45,13.00,13.45,24603
31-Mar-08,12.75,12.95,12.65,12.75,7517
28-Mar-08,12.75,12.80,12.60,12.75,16016
27-Mar-08,12.50,12.55,12.40,12.50,41993
26-Mar-08,12.40,12.50,12.25,12.40,62995
25-Mar-08,12.60,12.75,12.30,12.60,30607
24-Mar-08,11.80,11.90,11.30,11.80,27686
20-Mar-08,11.80,11.80,11.20,11.80,23645
19-Mar-08,11.80,11.95,11.50,11.80,38616
18-Mar-08,11.75,11.75,11.05,11.75,20962
17-Mar-08,11.75,12.10,11.65,11.75,33726
14-Mar-08,12.60,12.95,12.40,12.60,26124
13-Mar-08,12.80,12.80,12.25,12.80,22971
12-Mar-08,13.00,13.10,12.75,13.00,33201
11-Mar-08,12.70,12.95,12.50,12.70,44439
10-Mar-08,11.65,12.15,11.65,11.65,43405
7-Mar-08,12.00,12.25,12.00,12.00,32357
6-Mar-08,12.75,13.15,12.65,12.75,29928
5-Mar-08,13.50,13.50,13.40,13.50,16340
4-Mar-08,13.55,13.55,13.25,13.55,21382
3-Mar-08,14.00,14.05,13.70,14.00,21601
29-Feb-08,13.75,14.00,13.55,13.75,18896
28-Feb-08,14.25,14.45,14.05,14.25,21976
27-Feb-08,13.90,14.00,13.70,13.90,9690
26-Feb-08,13.90,13.92,13.60,13.90,39090
25-Feb-08,13.75,13.75,13.45,13.75,27798
22-Feb-08,13.60,13.60,13.35,13.60,20422
21-Feb-08,13.38,13.65,13.38,13.38,30323
20-Feb-08,13.60,13.60,13.38,13.60,19602
19-Feb-08,13.65,13.75,13.45,13.65,20365
15-Feb-08,13.95,13.95,13.65,13.95,7898
14-Feb-08,14.10,14.50,14.10,14.10,39036
13-Feb-08,14.20,14.20,13.85,14.20,18029
12-Feb-08,13.95,14.05,13.75,13.95,23831
11-Feb-08,13.25,13.25,13.00,13.25,49786
8-Feb-08,13.05,13.05,12.80,13.05,27665
7-Feb-08,13.00,13.00,12.85,13.00,25234
6-Feb-08,12.95,13.25,12.95,12.95,66749
5-Feb-08,13.50,13.95,13.25,13.50,48512
4-Feb-08,14.45,14.50,14.15,14.45,40137
1-Feb-08,14.50,14.60,14.10,14.50,94246
31-Jan-08,14.45,14.50,13.35,14.45,58609
30-Jan-08,12.35,12.75,12.10,12.35,24352
29-Jan-08,12.10,12.10,11.95,12.10,17330
28-Jan-08,11.90,12.00,11.50,11.90,47643
25-Jan-08,12.05,12.45,11.80,12.05,50178
24-Jan-08,11.10,11.25,10.45,11.10,84519
23-Jan-08,11.70,11.70,10.85,11.70,92104
22-Jan-08,11.05,11.10,10.00,11.05,73662
18-Jan-08,11.80,12.10,11.80,11.80,39144
17-Jan-08,11.80,12.25,11.80,11.80,86853
16-Jan-08,12.33,12.50,12.15,12.33,104645
15-Jan-08,13.15,13.35,13.15,13.15,43471
14-Jan-08,13.60,13.60,13.20,13.60,55008
11-Jan-08,14.35,14.45,14.10,14.35,34389
10-Jan-08,14.45,18.85,14.05,14.45,40690
9-Jan-08,15.00,15.15,14.80,15.00,82065
8-Jan-08,16.60,17.00,16.60,16.60,44256
7-Jan-08,17.70,17.80,17.60,17.70,32720
4-Jan-08,17.85,18.60,17.65,17.85,31362
3-Jan-08,18.50,18.50,18.40,18.50,12820
2-Jan-08,18.41,18.85,18.39,18.41,25196
31-Dec-07,17.75,18.00,17.75,17.75,10195
28-Dec-07,17.80,18.00,17.80,17.80,24118
27-Dec-07,17.90,18.05,17.80,17.90,19661
26-Dec-07,18.55,18.55,18.20,18.55,9621
24-Dec-07,18.45,18.50,18.20,18.45,18232
21-Dec-07,18.00,18.00,17.70,18.00,25025
20-Dec-07,17.45,17.45,17.30,17.45,15346
19-Dec-07,17.60,17.60,17.40,17.60,8693
18-Dec-07,17.50,17.50,16.90,17.50,351880
17-Dec-07,16.55,16.85,16.35,16.55,30200
14-Dec-07,17.20,17.60,17.19,17.20,66436
13-Dec-07,17.65,17.90,17.55,17.65,25258
12-Dec-07,17.50,18.00,17.40,17.50,15734
11-Dec-07,17.75,18.55,17.75,17.75,42414
10-Dec-07,17.75,17.75,17.45,17.75,34011
7-Dec-07,18.80,18.80,18.45,18.80,26766
6-Dec-07,19.15,19.15,18.65,19.15,48059
5-Dec-07,17.75,17.80,17.50,17.75,74005
4-Dec-07,17.20,17.35,17.20,17.20,53367
3-Dec-07,17.25,17.50,17.10,17.25,24846
30-Nov-07,18.10,18.25,17.60,18.10,18174
29-Nov-07,18.10,18.40,18.05,18.10,38065
28-Nov-07,18.00,18.00,17.30,18.00,71572
27-Nov-07,16.90,17.10,16.75,16.90,24268
26-Nov-07,16.50,17.60,16.50,16.50,27375
23-Nov-07,16.45,16.50,16.05,16.45,20657
21-Nov-07,17.80,17.95,17.45,17.80,18077
20-Nov-07,18.90,18.95,18.60,18.90,31581
19-Nov-07,16.85,17.15,16.75,16.85,22120
16-Nov-07,18.60,18.60,18.35,18.60,31106
15-Nov-07,18.82,19.37,18.80,18.82,67265
14-Nov-07,20.25,20.55,20.25,20.25,53646
13-Nov-07,18.20,18.22,17.40,18.20,117044
12-Nov-07,16.90,17.45,16.90,16.90,76659
9-Nov-07,18.00,18.30,17.55,18.00,135169
8-Nov-07,18.95,19.60,18.50,18.95,130921
7-Nov-07,20.30,21.00,20.30,20.30,178876
6-Nov-07,22.45,22.60,22.31,22.45,67691
5-Nov-07,21.45,21.72,21.10,21.45,158979
2-Nov-07,22.90,23.00,22.70,22.90,96953
1-Nov-07,22.65,24.00,21.85,22.65,165985
31-Oct-07,22.50,22.75,22.40,22.50,51618
30-Oct-07,20.80,21.10,20.65,20.80,89266
29-Oct-07,20.70,20.98,20.35,20.70,83440
26-Oct-07,21.45,21.45,20.80,21.45,175796
25-Oct-07,19.78,19.80,19.45,19.78,178270
24-Oct-07,19.38,19.40,19.05,19.38,300864
23-Oct-07,18.70,18.80,18.35,18.70,24744
22-Oct-07,18.05,18.20,17.85,18.05,38889
19-Oct-07,18.05,18.50,18.05,18.05,25920
18-Oct-07,18.60,18.60,18.25,18.60,31700
17-Oct-07,18.65,18.65,18.15,18.65,52458
16-Oct-07,17.58,17.85,17.50,17.58,57286
15-Oct-07,19.10,19.40,18.75,19.10,85419
12-Oct-07,19.30,19.40,19.05,19.30,41685
11-Oct-07,18.60,19.10,18.60,18.60,65152
10-Oct-07,18.85,18.90,18.65,18.85,49542
9-Oct-07,18.20,18.20,17.50,18.20,37294
8-Oct-07,17.30,17.45,17.05,17.30,25839
5-Oct-07,16.95,17.10,16.85,16.95,27824
4-Oct-07,16.60,16.85,16.55,16.60,106630
3-Oct-07,17.00,17.30,16.90,17.00,71875
2-Oct-07,17.75,18.00,17.75,17.75,44706
1-Oct-07,15.60,15.60,15.25,15.60,52815
28-Sep-07,15.30,15.45,15.25,15.30,18511
27-Sep-07,14.90,15.00,14.75,14.90,50223
26-Sep-07,14.35,14.35,14.05,14.35,22633
25-Sep-07,14.20,14.20,13.95,14.20,25597
24-Sep-07,14.15,14.28,14.10,14.15,19503
21-Sep-07,13.70,13.80,13.50,13.70,17658
20-Sep-07,13.70,13.95,13.70,13.70,23208
19-Sep-07,13.85,13.95,13.65,13.85,46937
18-Sep-07,13.90,14.00,13.60,13.90,75677
17-Sep-07,12.95,13.20,12.90,12.95,23964
14-Sep-07,13.45,13.50,13.30,13.45,54055
13-Sep-07,13.50,13.60,13.35,13.50,17043
12-Sep-07,13.00,13.10,12.95,13.00,3191
11-Sep-07,13.00,13.10,13.00,13.00,10044
10-Sep-07,13.30,13.30,13.00,13.30,8442
7-Sep-07,13.25,13.45,13.25,13.25,44480
6-Sep-07,13.40,13.50,13.40,13.40,4138
5-Sep-07,13.30,13.40,13.20,13.30,39353
4-Sep-07,13.15,13.40,13.05,13.15,15010
31-Aug-07,13.25,13.40,13.05,13.25,24424
30-Aug-07,12.70,12.70,12.55,12.70,18713
29-Aug-07,13.05,13.05,12.60,13.05,22450
28-Aug-07,12.85,13.90,12.75,12.85,43870
27-Aug-07,13.85,13.85,13.65,13.85,120396
24-Aug-07,12.40,12.40,12.15,12.40,15972
23-Aug-07,12.30,12.35,12.20,12.30,5190
22-Aug-07,12.25,12.30,12.00,12.25,14280
21-Aug-07,12.15,12.30,12.10,12.15,69900
20-Aug-07,11.85,12.00,11.70,11.85,17484
17-Aug-07,11.65,11.65,11.30,11.65,38678
16-Aug-07,11.35,11.55,10.95,11.35,56021
15-Aug-07,11.60,12.15,11.60,11.60,36572
14-Aug-07,12.30,12.55,12.30,12.30,39500
13-Aug-07,12.30,12.40,12.20,12.30,25020
10-Aug-07,11.45,11.70,11.30,11.45,52124
9-Aug-07,11.75,12.75,11.75,11.75,79694
8-Aug-07,12.95,12.95,12.00,12.95,44632
7-Aug-07,12.80,12.80,12.45,12.80,46150
6-Aug-07,12.40,12.60,12.25,12.40,58528
3-Aug-07,13.20,13.45,13.17,13.20,41427
2-Aug-07,13.51,13.60,13.25,13.51,73500
1-Aug-07,13.70,13.85,13.30,13.70,200024
31-Jul-07,13.30,13.50,13.30,13.30,241820
30-Jul-07,13.20,13.25,12.80,13.20,99044
27-Jul-07,11.95,12.21,11.70,11.95,43104
26-Jul-07,12.20,12.70,12.20,12.20,111516
25-Jul-07,12.60,12.60,12.40,12.60,68583
24-Jul-07,12.70,12.75,12.60,12.70,31355
23-Jul-07,12.60,12.85,12.60,12.60,60381
20-Jul-07,12.15,12.30,12.15,12.15,30135
19-Jul-07,11.40,11.50,11.35,11.40,19391
18-Jul-07,11.20,11.45,10.35,11.20,27637
17-Jul-07,11.70,11.80,11.70,11.70,35246
16-Jul-07,11.70,11.90,11.60,11.70,93063
13-Jul-07,11.75,11.85,11.65,11.75,39180
12-Jul-07,11.51,11.55,11.40,11.51,92210
11-Jul-07,11.10,11.25,11.10,11.10,39148
10-Jul-07,11.25,11.55,11.20,11.25,38136
9-Jul-07,11.65,11.85,11.65,11.65,25019
6-Jul-07,11.80,11.95,11.70,11.80,47694
5-Jul-07,12.00,12.20,11.90,12.00,45651
3-Jul-07,11.80,12.00,11.80,11.80,27416
2-Jul-07,11.70,11.80,11.70,11.70,142551
29-Jun-07,11.65,11.85,11.65,11.65,28701
28-Jun-07,11.85,12.00,11.85,11.85,65089
27-Jun-07,11.35,11.45,11.25,11.35,82596
26-Jun-07,11.85,12.00,11.70,11.85,48045
25-Jun-07,12.55,12.60,12.50,12.55,36814
22-Jun-07,12.80,12.90,12.70,12.80,77690
21-Jun-07,13.15,13.20,13.05,13.15,75204
20-Jun-07,13.30,13.65,13.30,13.30,69652
19-Jun-07,12.50,12.55,12.45,12.50,57160
18-Jun-07,12.50,12.70,11.95,12.50,103525
15-Jun-07,12.10,12.30,12.00,12.10,268155
14-Jun-07,11.35,11.40,11.30,11.35,114287
13-Jun-07,11.05,11.10,11.05,11.05,43531
12-Jun-07,11.05,11.25,11.05,11.05,51699
11-Jun-07,11.05,11.20,11.00,11.05,70755
8-Jun-07,10.95,11.10,10.90,10.95,60854
7-Jun-07,11.05,11.20,11.00,11.05,91842
6-Jun-07,11.00,11.21,11.00,11.00,69720
5-Jun-07,10.85,10.95,10.80,10.85,188658
4-Jun-07,10.55,10.60,10.50,10.55,209300
1-Jun-07,10.72,10.80,10.65,10.72,163991
31-May-07,9.90,10.05,9.85,9.90,142558
30-May-07,9.65,9.75,9.55,9.65,182980
29-May-07,10.05,10.15,9.80,10.05,214362
25-May-07,9.20,9.35,9.20,9.20,173936
24-May-07,8.30,8.50,8.30,8.30,165238
23-May-07,8.45,8.45,8.15,8.45,196188
22-May-07,8.15,8.20,8.06,8.15,126617
21-May-07,8.07,8.10,8.00,8.07,300944
18-May-07,8.10,8.15,8.05,8.10,104418
17-May-07,8.05,8.15,7.95,8.05,23367
16-May-07,8.10,8.20,8.00,8.10,24193
15-May-07,8.15,8.15,7.95,8.15,33123
14-May-07,8.10,8.15,8.00,8.10,44015
11-May-07,7.40,7.60,7.30,7.40,24679
10-May-07,7.30,7.55,7.30,7.30,36012
9-May-07,7.40,7.60,7.40,7.40,311332
8-May-07,7.75,8.00,7.50,7.75,136656
7-May-07,8.00,8.15,8.00,8.00,19705
4-May-07,8.10,8.28,8.10,8.10,83283
3-May-07,7.90,8.00,7.90,7.90,27775
2-May-07,8.00,8.05,7.90,8.00,22952
1-May-07,7.95,8.00,7.90,7.95,75286
30-Apr-07,7.90,8.00,7.90,7.90,42159
27-Apr-07,7.95,8.05,7.85,7.95,25317
26-Apr-07,8.05,8.10,8.05,8.05,49531
25-Apr-07,8.05,8.15,8.00,8.05,53350
24-Apr-07,8.05,8.15,8.05,8.05,34528
